{"cameraMode":{"drawMode":0,"name":"Shaded","section":"Shading Mode"},"sceneLighting":false,"audioPlay":false,"sceneViewState":{"showFog":true,"showMaterialUpdate":false,"showSkybox":true,"showFlares":true,"showImageEffects":true,"showParticleSystems":true},"in2DMode":false,"pivot":{"x":-7.147927284240723,"y":-3.5999999046325685,"z":14.127266883850098},"rotation":{"x":-0.012678061611950398,"y":0.9281977415084839,"z":-0.3705286383628845,"w":-0.031755171716213229},"size":3.87287974357605,"orthographic":false}